{
  "schema": 1,
  "platform": "macos",
  "buildMode": "profile",
  "mode": "full",
  "timestampMs": 1783329355670,
  "verification": {
    "workload": "fnv1a-64 · 1 KiB × 16 rounds",
    "rawFfiHash": 8190020657546715941,
    "nitroCppHash": 8190020657546715941,
    "nitroPlatformHash": 8190020657546715941,
    "methodChannelHash": 8190020657546715941,
    "allTiersAgree": true,
    "tiersVerified": 4
  },
  "cases": {
    "raw_ffi_add": {
      "label": "Raw FFI (leaf)",
      "kind": "latency",
      "iterations": 100000,
      "samples": 10,
      "medianUs": 0.010794999999999999,
      "meanUs": 0.011337999999999999,
      "minUs": 0.01005,
      "p95Us": 0.013695999999999998
    },
    "nitro_leaf_add": {
      "label": "Nitro C++ (leaf)",
      "kind": "latency",
      "iterations": 100000,
      "samples": 10,
      "medianUs": 0.26470499999999997,
      "meanUs": 0.264401,
      "minUs": 0.26178,
      "p95Us": 0.266668
    },
    "nitro_cpp_add": {
      "label": "Nitro C++ (checked)",
      "kind": "latency",
      "iterations": 100000,
      "samples": 10,
      "medianUs": 0.26117,
      "meanUs": 0.26181599999999994,
      "minUs": 0.2583,
      "p95Us": 0.26538
    },
    "nitro_platform_add": {
      "label": "Nitro Swift",
      "kind": "latency",
      "iterations": 100000,
      "samples": 10,
      "medianUs": 0.26174,
      "meanUs": 0.26257700000000006,
      "minUs": 0.25914,
      "p95Us": 0.267848
    },
    "method_channel_add": {
      "label": "MethodChannel",
      "kind": "latency",
      "iterations": 2000,
      "samples": 10,
      "medianUs": 26.79325,
      "meanUs": 26.9428,
      "minUs": 26.285,
      "p95Us": 27.9066
    },
    "nitro_string_roundtrip": {
      "label": "Nitro String round-trip",
      "kind": "latency",
      "iterations": 100000,
      "samples": 10,
      "medianUs": 0.638485,
      "meanUs": 0.644384,
      "minUs": 0.62928,
      "p95Us": 0.6653680000000001
    },
    "nitro_struct_roundtrip": {
      "label": "Nitro zero-copy struct",
      "kind": "latency",
      "iterations": 100000,
      "samples": 10,
      "medianUs": 0.40443,
      "meanUs": 0.40508,
      "minUs": 0.39621,
      "p95Us": 0.41292850000000003
    },
    "nitro_async_record": {
      "label": "Nitro @nitroAsync + record",
      "kind": "latency",
      "iterations": 2000,
      "samples": 10,
      "medianUs": 28.13275,
      "meanUs": 28.112699999999997,
      "minUs": 26.939,
      "p95Us": 28.89095
    },
    "nitro_native_async_record": {
      "label": "Nitro @nitroNativeAsync + record",
      "kind": "latency",
      "iterations": 2000,
      "samples": 10,
      "medianUs": 27.01075,
      "meanUs": 26.924100000000003,
      "minUs": 26.2075,
      "p95Us": 27.540675
    },
    "raw_ffi_hash": {
      "label": "Raw FFI + FNV-1a work",
      "kind": "latency",
      "iterations": 2000,
      "samples": 10,
      "medianUs": 20.920749999999998,
      "meanUs": 20.885949999999998,
      "minUs": 20.723,
      "p95Us": 21.00715
    },
    "nitro_cpp_hash": {
      "label": "Nitro C++ + FNV-1a work",
      "kind": "latency",
      "iterations": 2000,
      "samples": 10,
      "medianUs": 21.16425,
      "meanUs": 21.2119,
      "minUs": 21.012,
      "p95Us": 21.586975
    },
    "nitro_platform_hash": {
      "label": "Nitro Swift + FNV-1a work",
      "kind": "latency",
      "iterations": 2000,
      "samples": 10,
      "medianUs": 21.29625,
      "meanUs": 21.360100000000003,
      "minUs": 21.1285,
      "p95Us": 21.631825
    },
    "channel_hash": {
      "label": "MethodChannel + FNV-1a work",
      "kind": "latency",
      "iterations": 2000,
      "samples": 10,
      "medianUs": 49.534499999999994,
      "meanUs": 49.6789,
      "minUs": 49.226,
      "p95Us": 50.3246
    },
    "channel_buffer": {
      "label": "MethodChannel buffer copy",
      "kind": "throughput",
      "iterations": 5,
      "samples": 10,
      "medianUs": 14139.2,
      "meanUs": 14339.920000000002,
      "minUs": 13711.0,
      "p95Us": 15061.800000000001,
      "bytesPerOp": 67108864,
      "mbPerSec": 4746.2985175964695
    },
    "raw_ffi_buffer": {
      "label": "Raw FFI (manual copy)",
      "kind": "throughput",
      "iterations": 5,
      "samples": 10,
      "medianUs": 2145.8,
      "meanUs": 2159.8599999999997,
      "minUs": 2117.4,
      "p95Us": 2223.41,
      "bytesPerOp": 67108864,
      "mbPerSec": 31274.519526516913
    },
    "nitro_buffer_pinned": {
      "label": "Nitro pinned buffer (leaf)",
      "kind": "throughput",
      "iterations": 5,
      "samples": 10,
      "medianUs": 2199.3,
      "meanUs": 2222.42,
      "minUs": 2123.6,
      "p95Us": 2380.92,
      "bytesPerOp": 67108864,
      "mbPerSec": 30513.738007547854
    },
    "nitro_buffer_unsafe": {
      "label": "Nitro unsafe pointer",
      "kind": "throughput",
      "iterations": 5,
      "samples": 10,
      "medianUs": 0.6,
      "meanUs": 0.72,
      "minUs": 0.6,
      "p95Us": 1.1099999999999999,
      "bytesPerOp": 67108864,
      "mbPerSec": 111848106.66666667
    }
  },
  "derived": {
    "nitro_leaf_over_raw_ffi": 24.521074571560906,
    "nitro_cpp_over_raw_ffi": 24.193608151922188,
    "nitro_platform_over_raw_ffi": 24.246410375173692,
    "method_channel_over_nitro_cpp": 102.58930964505878,
    "method_channel_over_nitro_leaf": 101.21928184205059,
    "nitro_async_over_channel": 1.0499939350396088,
    "nitro_native_async_over_channel": 1.008117716215838
  }
}
